Rank,Name,G3DMark,G2DMark,Samples,Price,MaxTDP_W
1,GeForce RTX 5090 D,41710,1384,56,NA,575
2,GeForce RTX 5090,38958,1411,9642,"4,299.99",575
3,GeForce RTX 4090,38059,1303,21686,"3,399.95",450
4,RTX PRO 6000 Blackwell Workstation Edition,37991,1387,226,NA,
5,GeForce RTX 5080,35666,1402,17531,"1,249.99",360
6,GeForce RTX 4080,34452,1250,10977,"1,499.99",320
7,GeForce RTX 4080 SUPER,34241,1279,9908,"1,459.99",320
8,RTX PRO 4500 Blackwell,33482,1328,114,"2,868.99*",
9,nVidia L40-48Q,33269,1370,1,NA,
10,GeForce RTX 5090 D v2,32935,1318,10,NA,
11,nVidia L40-4Q,32600,1389,3,NA,
12,GeForce RTX 5070 Ti,32375,1326,18735,919.96,300
13,RTX PRO 6000 Blackwell Max-Q Workstation Edition,32359,1198,109,NA,
14,RTX PRO 5000 Blackwell,32301,1278,52,"4,559.99*",
15,GeForce RTX 4070 Ti SUPER,31847,1245,9994,"1,299.99*",285
16,GeForce RTX 4070 Ti,31553,1209,14792,791.83*,285
17,Radeon RX 7900 XTX,31427,1287,11033,"1,099.99",355
18,RTX 5000 Ada Generation,30495,1008,213,NA,
19,GeForce RTX 4090 D,30429,985,33,NA,
20,GeForce RTX 4070 SUPER,29946,1192,14878,839.00,220
21,GeForce RTX 3090 Ti,29274,1226,3273,"2,179.99",450
22,Radeon RX 7900 XT,29057,1244,6897,949.99,315
23,RTX 6000 Ada Generation,28784,1009,268,NA,
24,GeForce RTX 5070,28700,1294,19515,599.99,250
25,TURZX Display,28635,1689,1,NA,
26,RTX PRO 4000 Blackwell,28473,1263,161,"2,299.99",
27,RTX 4500 Ada Generation,28270,1171,148,NA,
28,GeForce RTX 5090 Laptop GPU,28246,1098,1182,NA,150
29,Radeon RX 6950 XT,28086,1081,3726,"1,098.00",335
30,Radeon PRO W7900,27792,1143,83,NA,
31,RTX PRO 6000 Blackwell Server Edition,27523,953,3,NA,
32,Radeon RX 7900 GRE,27437,1209,2045,998.00,260
33,nVidia L40,27355,1186,2,NA,
34,Radeon PRO W7800,27300,1179,39,NA,
35,Radeon AI PRO R9700,27227,1243,78,NA,300
36,GeForce RTX 4090 Laptop GPU,27086,990,3109,NA,150
37,Radeon RX 9070 XT,26908,1316,14826,689.99,304
38,GeForce RTX 4070,26882,1166,19726,728.99,200
39,GeForce RTX 3080 Ti,26746,1094,16087,"1,095.00",350
40,Radeon RX 6900 XT,26652,1062,8140,699.00,300
41,GeForce RTX 3080 12GB,26558,1094,2927,NA,350
42,GeForce RTX 3090,26521,1068,17423,"1,694.96",350
43,Radeon Pro V620,26519,1010,3,NA,
44,GeForce RTX 5080 Laptop GPU,26319,1088,1878,NA,150
45,Radeon RX 9070,25398,1265,2526,539.99,220
46,AicUsbDisplay Device,25109,1386,2,NA,
47,RTX 5880 Ada Generation,25095,776,8,NA,
48,Radeon RX 6800 XT,25066,1045,7706,439.00,300
49,GeForce RTX 3080,25002,1061,31663,536.07,320
50,GeForce RTX 4080 Laptop GPU,24742,926,3882,NA,150
51,RTX PRO 5000 Blackwell Generation Laptop GPU,24439,882,123,NA,
52,Radeon RX 7800 XT,24393,1192,10698,808.98,263
53,L20-8Q,24277,702,2,NA,
54,RTX PRO 4000 Blackwell SFF Edition,23870,1166,43,NA,
55,RTX 4000 Ada Generation,23653,1106,1043,NA,130
56,Radeon RX 9070 GRE,23571,1146,10,NA,220
57,RTX PRO 4000 Blackwell Generation Laptop GPU,23454,878,199,NA,
-1,RTX6000-Ada-6Q,23236,838,1,NA,
58,RTX 5000 Ada Generation Laptop GPU,23215,754,401,NA,
59,GeForce RTX 3070 Ti,23204,1058,16706,487.53*,290
60,RTX 3500 Ada Generation Embedded GPU,22926,893,7,NA,
61,RTX A5000,22872,1062,940,"2,229.99*",230
62,Radeon PRO W7700,22868,1298,85,NA,
63,RTX A6000,22695,911,479,"4,109.99*",300
64,Radeon RX 7700 XT,22684,1157,2724,409.99,245
65,GeForce RTX 5060 Ti 16GB,22629,1207,10004,571.69,180
66,GeForce RTX 4060 Ti,22604,1095,14724,489.00,160
67,GeForce RTX 4060 Ti 16GB,22599,1078,2283,459.99*,165
68,GeForce RTX 5070 Ti Laptop GPU,22457,964,2754,NA,115
69,RTX 4000 Ada Generation Laptop GPU,22151,720,433,NA,
70,Radeon RX 7900M,22121,888,55,NA,
71,GeForce RTX 3070,22099,1005,37609,366.62,220
72,GeForce RTX 5060 Ti 8GB,22094,1175,2930,384.99,180
73,Radeon RX 6800,22062,999,4728,449.99,250
74,RTX PRO 5000 72GB Blackwell,22060,777,3,NA,
75,GRID RTX6000-6Q,21986,781,2,NA,
76,NVIDIA A10,21687,982,3,NA,
77,GeForce RTX 2080 Ti,21441,925,14996,875.00,250
78,RTX PRO 3000 Blackwell Generation Laptop GPU,21221,828,250,NA,
79,RTX A5500,21192,911,58,"2,762.00*",230
-1,Radeon 610M Ryzen 7 7840HX,20903,557,1,NA,
80,GeForce RTX 5060,20710,1151,13633,339.99,170
81,Radeon RX 6750 XT,20710,979,5543,595.00,250
82,RTX A4500,20649,1000,561,"1,199.95*",200
83,Radeon RX 7700,20635,1186,20,NA,200
84,RTX 4000 SFF Ada Generation,20543,1058,237,NA,
85,GeForce RTX 3060 Ti,20240,989,32975,418.48*,200
86,Radeon PRO W6800,20172,930,137,"1,849.99*",
87,Radeon RX 6750 GRE 12GB,20155,1023,26,NA,
88,Radeon RX 9060 XT 16GB,20095,1171,7066,429.99,160
89,RTX PRO 2000 Blackwell,20041,1301,127,849.99*,
90,L40S,20022,708,7,NA,
91,TITAN RTX,19889,837,276,"1,255.00",280
92,Quadro RTX 8000,19858,871,87,"3,760.00*",260
93,Radeon RX 9060 XT 8GB,19747,1126,928,349.99*,150
94,RTX 3500 Ada Generation Laptop GPU,19740,710,841,NA,
95,Radeon RX 6700 XT,19730,954,14130,499.00,230
96,TITAN V,19720,975,138,995.00,250
97,GeForce RTX 4070 Laptop GPU,19511,767,12701,NA,115
98,GeForce RTX 4060,19495,1036,26763,365.29,115
-1,SMI USB Display,19462,1437,1,NA,
99,GeForce RTX 2080 SUPER,19428,918,9782,695.00,250
100,RTX A4000,19354,1017,2412,"1,042.99*",140
101,GeForce RTX 5070 Laptop GPU,19139,896,2753,NA,100
-1,LIANLI USB Display-60hz,18968,1392,1,NA,
102,Radeon RX 6750 GRE 10GB,18949,951,39,NA,
103,Intel Arc Pro B70,18932,738,21,NA,230
104,Radeon RX 6700,18915,940,1954,NA,175
105,GeForce RTX 3080 Ti Laptop GPU,18853,811,1782,NA,115
106,NVIDIA TITAN Xp,18753,883,394,999.00,250
107,GeForce GTX 1080 Ti,18592,940,32603,370.00,250
108,GeForce RTX 2080,18578,897,11730,735.00,250
109,Quadro GV100,18545,803,42,"8,999.00*",250
110,TITAN Xp COLLECTORS EDITION,18530,910,229,NA,250
111,GeForce RTX 2070 SUPER,18127,877,19963,335.96,215
112,Radeon 8060S,18086,1170,1149,NA,
113,Quadro RTX 6000,17707,754,282,"6,300.00*",295
114,Radeon RX 7650 GRE,17686,1076,21,279.00*,170
115,Radeon RX 9060,17673,999,75,NA,132
116,NVIDIA A10G,17660,577,8,NA,
117,Radeon RX 7800M,17566,892,53,NA,
-1,Radeon Pro W6900X,17413,782,1,NA,
118,Barco MXRV-7100,17382,1397,2,NA,
119,GeForce RTX 4060 Laptop GPU,17366,731,20981,NA,115
120,Radeon RX 6850M XT,17363,660,84,NA,
121,GeForce RTX 3070 Ti Laptop GPU,17353,770,4478,NA,115
122,Radeon RX 7600 XT,17330,1026,2142,379.99,190
123,RTX A5500 Laptop GPU,17280,717,275,NA,165
124,Radeon RX 6650 XT,17113,925,5107,299.99*,176
125,RTX 5000 Ada Generation Embedded GPU,17055,592,6,NA,
126,EIZO Quadro MED-XN92,17035,920,2,NA,
127,TITAN V CEO Edition,16987,1085,1,NA,250
128,GeForce RTX 5050,16983,1071,2059,289.99,130
129,RTX 2000 Ada Generation,16976,1072,953,NA,
130,GeForce RTX 3060,16892,973,2388,NA,
-1,RTX6000-Ada-3A,16840,817,1,NA,
131,RTX A4500 Laptop GPU,16823,710,434,NA,140
132,GeForce RTX 5060 Laptop GPU,16775,845,4147,NA,100
133,RTX A4000H,16768,600,6,NA,
134,GeForce RTX 3060 12GB,16718,964,44686,509.99,170
135,Radeon Pro W6800X,16619,816,4,NA,
136,Radeon RX 5700 XT 50th Anniversary,16527,938,232,NA,235
137,GeForce RTX 2060 SUPER,16473,857,12258,239.99*,175
138,Radeon RX 7600,16472,980,5660,279.99,165
139,Radeon RX 6600 XT,16439,914,6761,324.97*,160
140,Radeon PRO W7600,16404,1050,87,NA,
141,RTX A5000 Laptop GPU,16332,661,458,NA,165
142,RTX PRO 2000 Blackwell Generation Laptop GPU,16312,754,621,NA,
143,Radeon 8050S,16256,1111,163,NA,
144,RTX PRO 2000 Blackwell Embedded GPU,16242,667,1,NA,
145,Radeon VII,16236,795,871,"1,899.95*",300
146,GeForce RTX 3080 Laptop GPU,16110,626,3392,NA,115
147,Radeon RX 6650M XT,16081,780,3,NA,
148,RTX 3000 Ada Generation Laptop GPU,16070,541,334,NA,
149,Radeon RX 5700 XT,16062,920,17833,215.99,225
150,GeForce RTX 2070,16061,816,16689,286.28,175
151,Intel Arc B580,16020,703,3373,249.00*,190
152,GeForce RTX 2060 12GB,15925,851,1268,NA,185
153,Radeon RX 6800S,15730,724,215,NA,100
154,Radeon Pro V620 MxGPU,15632,652,2,NA,
155,Radeon Pro Vega II,15618,764,8,NA,
156,GeForce GTX 1080,15606,888,41997,374.00,180
157,Radeon RX 7600S,15518,768,221,NA,75
158,Radeon RX 7700S,15474,762,372,NA,
159,RTX 2000E Ada Generation,15442,1096,70,NA,
160,Quadro RTX 5000,15335,687,1172,NA,230
161,Quadro P6000,15326,724,190,890.00*,250
162,GeForce RTX 3060 8GB,15201,973,1468,NA,170
163,Radeon RX 6650M,15191,759,146,NA,
164,Radeon Pro W5700X,15178,891,7,NA,
165,spacedesk Adapter,15080,944,7,NA,
166,A10-24Q,15062,679,8,NA,
167,SQExtFramebufferUmode Device,15054,915,5,NA,
168,Radeon RX 6600,15054,895,14947,404.91,132
169,GeForce RTX 3070 Laptop GPU,15051,628,8637,NA,115
170,Intel Arc Pro B60,15049,764,30,NA,
171,Radeon RX 6700S,15030,736,482,299.69*,80
172,GeForce RTX 2080 (Mobile),15013,803,199,NA,150
173,Radeon PRO W6600,14979,951,186,NA,
174,Radeon Instinct MI60,14922,761,3,NA,
175,RTX 2000 Ada Generation Laptop GPU,14853,598,2044,NA,
176,Quadro RTX 4000,14841,813,2609,899.00*,160
177,Quadro RTX 5000 (Mobile),14832,705,66,NA,110
178,RTX A4000 Laptop GPU,14744,584,577,NA,140
179,Radeon Pro W6800X Duo,14742,801,2,NA,
180,GeForce GTX 1070 Ti,14668,876,12873,276.25,180
181,RTX PRO 1000 Blackwell Generation Laptop GPU,14654,733,448,NA,
182,Radeon RX 7600M XT,14468,921,401,NA,120
183,RadeonT RX 6850M XT,14373,653,12,NA,165
184,GeForce RTX 4050 Laptop GPU,14244,624,12981,NA,115
185,Radeon RX 5700,14223,877,3315,585.00*,180
186,GeForce RTX 5050 Laptop GPU,14176,748,1860,NA,100
187,Radeon Pro W5700,14126,912,401,649.99*,205
188,Quadro GP100,14096,785,41,NA,235
189,Intel Arc B570,14096,627,437,NA,150
190,GeForce RTX 2060,14091,743,32785,289.99,160
191,Radeon RX 6600 LE,14043,853,47,NA,
192,NVIDIA A40,13900,489,8,259.99,
193,Radeon RX Vega 64,13863,784,3441,189.97,295
194,RTX 2000 Ada Generation Embedded GPU,13842,765,28,NA,
195,Radeon RX 6600M,13836,724,988,479.00*,100
196,RTX A3000 12GB Laptop GPU,13812,605,532,NA,115
197,Radeon Pro VII,13713,747,71,NA,
198,Racer-Tech USB Display Device,13692,830,2,NA,
199,Radeon Pro Vega II Duo,13690,868,3,NA,
200,RTX A2000 12GB,13674,1099,1592,NA,
201,NVIDIA TITAN X,13659,912,500,398.00,250
202,Radeon RX 6700M,13643,557,196,269.99*,135
203,GeForce GTX 980 Ti,13622,849,14762,399.99*,250
204,A10G,13598,571,6,NA,
205,RTX 1000 Ada Generation Laptop GPU,13590,561,652,NA,
206,Radeon RX 6600S,13569,655,11,NA,80
207,GeForce GTX 1070,13512,847,53332,289.00,150
208,GeForce RTX 2080 Super with Max-Q Design,13447,553,540,NA,80
-1,nVidia L20,13429,1396,1,NA,
209,RTX A2000,13418,951,1085,574.99*,
210,Radeon RX 5600 XT,13392,870,4673,530.00,150
211,Radeon Pro Vega 64X,13369,838,3,NA,
212,Intel Arc A770,13353,761,1743,369.00,225
213,GeForce RTX 2070 Super with Max-Q Design,13347,591,399,NA,80
-1,A100-SXM4-40GB,13326,862,1,NA,
-1,Tesla P100-PCIE-12GB,13310,445,1,NA,
214,Radeon RX 6800M,13302,530,684,629.99,145
-1,RTXA6000-1B,13259,851,1,NA,
215,Radeon PRO W7500,13219,1158,114,NA,70
-1,Radeon PRO W7900 Dual Slot,13181,534,1,NA,
216,GeForce RTX 3060 Laptop GPU,13114,584,20359,309.99*,115
217,Radeon PRO W6600X,13113,856,2,NA,
218,RTX PRO 500 Blackwell Generation Laptop GPU,13078,692,346,NA,
219,Radeon RX Vega 56,12951,765,3687,349.95,210
220,Radeon Pro Vega 64,12886,813,28,NA,
221,Radeon Vega Frontier Edition,12705,736,187,"1,679.99*",350
222,GeForce GTX 1660 SUPER,12672,806,21533,228.61,125
223,Quadro RTX 5000 with Max-Q Design,12669,519,242,NA,80
224,Quadro P5000,12654,687,1168,"1,868.99*",180
225,GeForce RTX 2080 with Max-Q Design,12641,498,635,"2,099.99*",90
226,Intel Arc A750,12630,736,1770,219.99,225
227,RTX A3000 Laptop GPU,12627,556,1229,NA,130
228,GRID RTX6000-1Q,12616,229,2,NA,
229,GeForce GTX 1660 Ti,12597,771,14068,199.99,120
230,Intel Arc Pro B50,12583,719,123,NA,
231,GeForce GTX TITAN X,12564,814,1893,"1,096.99*",250
232,GeForce RTX 3050 8GB,12486,918,8997,249.99*,130
233,Radeon Pro WX 8200,12474,742,110,"1,599.39*",230
234,Quadro P5200 with Max-Q Design,12464,469,33,NA,100
235,Radeon Pro 5700 XT,12457,800,39,NA,130
236,Radeon RX 5600 OEM,12396,853,51,NA,
237,GeForce RTX 2070 (Mobile),12357,602,410,NA,115
238,Tesla V100-PCIE-16GB,12328,484,6,NA,
239,Radeon RX 6850M,12274,713,3,NA,
240,Radeon Pro V520 MxGPU,12257,525,9,NA,
241,Quadro RTX 4000 with Max-Q Design,12202,496,221,NA,80
242,Radeon Pro Vega 56,12064,843,28,NA,
243,Intel Arc A580,12047,739,327,199.99,185
244,GeForce RTX 3050 Laptop GPU,12003,826,3,NA,
245,Radeon PRO W6600M,11997,699,15,NA,
246,Tesla T10,11963,537,6,NA,
247,Intel Arc A770M,11886,728,165,NA,150
248,GeForce RTX 3050 OEM,11878,983,579,243.25*,130
249,Radeon RX 7400,11797,1203,10,NA,55
250,OrayIddDriver Device,11785,942,5,NA,
251,Radeon RX 5600,11776,887,50,NA,150
-1,EIZO Quadro MED-XN91,11747,683,1,NA,
252,Radeon Pro WX 9100,11719,724,125,NA,230
253,Quadro M6000,11706,720,198,"4,933.21*",250
254,Quadro RTX 4000 (Mobile),11692,506,286,NA,110
255,GeForce GTX 1080 with Max-Q Design,11679,723,212,NA,110
256,GeForce GTX 1660,11618,776,9216,212.18,120
257,Tesla P40,11595,401,24,489.99,250
258,Quadro M6000 24GB,11499,709,139,NA,250
259,Quadro P4200 with Max-Q Design,11472,565,56,NA,100
260,Radeon Pro 5700,11456,788,6,NA,130
261,Quadro P4000,11414,776,3556,233.00,105
262,GeForce RTX 2070 with Max-Q Design,11403,452,2372,NA,80
263,GeForce RTX 2060 (Mobile),11352,539,1238,NA,80
264,Radeon Pro Vega 48,11269,792,17,NA,
265,Tesla V100-SXM2-16GB,11265,581,9,NA,
266,Quadro P5200,11239,497,214,NA,100
267,RTX 500 Ada Generation Laptop GPU,11192,532,902,NA,
268,GeForce GTX 980,11071,788,14274,248.45,165
269,Radeon RX 7600M,10999,861,12,NA,
270,Radeon Pro SSG,10971,588,6,"2,410.15*",
271,RTX A2000 Embedded GPU,10954,635,5,NA,
272,GeForce RTX 3050 6GB,10745,881,6803,209.99,70
273,GeForce RTX 3050 A Laptop GPU,10705,517,121,NA,35
274,RTX A1000,10694,1062,689,519.99*,
275,Quadro RTX 3000,10660,469,1901,NA,80
276,Tesla M40 24GB,10641,376,5,NA,
277,Radeon 8040S,10578,1052,6,NA,
278,CXDisplay Device,10499,906,3,NA,
-1,Radeon V520 MxGPU,10473,329,1,NA,
279,GeForce GTX 1070 (Mobile),10465,603,642,NA,
280,A40-48Q,10436,292,2,NA,
281,RTX A2000 8GB Laptop GPU,10435,558,1148,NA,
282,Tesla M40,10219,437,20,279.00,
283,GeForce GTX 1650 SUPER,10195,749,7256,332.00,100
284,L4,10153,411,13,"3,499.00",
285,GeForce RTX 3050 6GB Laptop GPU,10135,561,6049,NA,80
286,Quadro P4200,10124,440,161,NA,100
287,GeForce GTX 1660 Ti (Mobile),10091,473,5608,NA,80
288,GeForce RTX 3050 Ti Laptop GPU,10073,499,10646,NA,80
289,RTX A1000 6GB Laptop GPU,10050,590,671,NA,
290,GeForce GTX 1060,10037,739,48089,299.00,120
291,Tesla T4,9911,553,86,759.00,
-1,RTX PRO 500 Blackwell Embedded GPU,9910,439,1,NA,
292,GeForce GTX 1060 3GB,9845,775,22846,219.97,120
293,GRID P40-2B,9842,547,2,NA,
294,Intel Arc A730M,9808,564,5,NA,
295,GeForce GTX 1070 with Max-Q Design,9803,412,858,NA,90
296,Intel Arc Pro A60,9797,690,13,NA,
297,Radeon R9 Fury + Fury X,9741,811,705,449.99*,275
298,RTX A1000 Embedded GPU,9704,680,7,NA,
299,Radeon RX 6550M,9652,490,283,NA,
300,GeForce GTX 970,9637,763,52930,359.00,145
301,Radeon RX 6500 XT,9625,817,3174,207.99,107
302,GeForce RTX 2060 with Max-Q Design,9624,401,1222,NA,65
303,Tesla P100-PCIE-16GB,9621,502,6,"5,699.00*",250
304,GRID P40-2Q,9580,517,12,NA,
305,Radeon RX Vega Ryzen 5 5600GT,9558,1042,2,NA,
306,Intel Arc Pro B390 GPU,9533,890,9,NA,
307,Radeon R9 Fury,9529,786,455,443.10*,
308,GeForce RTX 3050 4GB Laptop GPU,9506,492,18719,269.99*,75
-1,Ryzen 9 4900HSS with Radeon Graphics,9460,416,1,NA,
309,GeForce GTX 780 Ti,9451,632,4811,410.00,250
310,Intel Arc GPU,9445,748,7,NA,
311,RTX A2000 Laptop GPU,9439,506,1939,NA,95
312,RTX A1000 Laptop GPU,9426,524,1051,NA,
313,Quadro P2200,9419,860,1704,224.00*,75
314,Radeon R9 Fury X,9391,784,203,NA,
315,Quadro M5000,9353,645,445,499.00*,150
316,CMP 40HX,9343,275,21,NA,
317,Radeon RX 590,9281,789,4264,549.99*,175
318,Radeon R9 390X,9201,816,1389,NA,275
319,A10-12Q,9192,596,13,NA,
320,GeForce GTX 1060 5GB,9192,631,152,487.99*,120
321,GeForce GTX TITAN Black,9183,601,453,475.00,250
322,Tesla P4,9152,385,62,235.00,
323,Radeon Pro 5600M,9152,651,40,NA,50
324,Quadro P3200 with Max-Q Design,9142,521,153,NA,75
-1,Inspiration CG620 MxGPU,9105,811,1,NA,
325,Quadro P4000 with Max-Q Design,9082,699,2,NA,80
326,Radeon RX 5500 XT,9061,776,3929,489.00*,130
327,EIZO Quadro MED-XN72,9036,661,2,NA,
328,Intel Arc B390 GPU,9018,812,298,NA,
329,Radeon Pro W5500,8955,825,301,409.99*,125
-1,Intel Arc B390 GPU RI,8902,740,1,NA,
330,RTX A4500 Embedded GPU,8899,466,14,NA,80
331,GeForce GTX TITAN Z,8896,623,133,689.00,375
332,Radeon RX 5500,8851,762,407,159.99*,150
333,Radeon R9 295X2,8816,763,546,499.10*,500
334,Radeon RX 5600M,8797,481,174,NA,150
335,Radeon RX 580,8788,770,32620,249.99*,185
336,Radeon R9 390,8779,789,3417,NA,275
337,GeForce GTX 1660 Ti with Max-Q Design,8624,355,1621,NA,60
338,L40S-12Q,8601,211,32,NA,
339,Radeon RX 480,8527,771,12562,339.99*,150
340,Quadro P3200,8508,433,588,389.30*,75
341,GRID RTX6000-1B,8473,592,3,NA,
342,Radeon R9 290X,8435,748,495,NA,
343,Miracast display port driver V3,8421,454,2,NA,
344,Radeon PRO W6400,8391,905,166,NA,
345,Radeon R9 290X / 390X,8380,695,4606,319.99*,290
346,Radeon Pro Duo,8366,830,719,"3,970.36*",350
347,Intel Arc B370 GPU,8340,822,28,NA,
348,Radeon RX590 GME,8292,704,601,NA,175
-1,Tesla V100-PCIE-32GB,8259,327,1,NA,
349,GeForce GTX Titan,8196,663,1273,745.00*,250
350,GeForce GTX 1060 (Mobile),8160,443,1660,NA,80
351,Radeon R9 290 / 390,8150,695,8447,380.00*,275
352,Radeon R9 290,8141,758,787,NA,
353,Quadro RTX 3000 with Max-Q Design,8140,332,163,NA,60
354,Radeon 890M,8070,977,2007,NA,
355,Intel Arc A530M,8044,733,41,NA,
356,Quadro K6000,8020,553,239,250.00*,225
357,Ryzen 9 6900HS,8005,836,3,NA,
358,GeForce GTX 780,7967,589,8882,279.99*,250
359,Quadro M5500,7915,697,3,NA,150
360,Radeon RX 470/570,7914,724,23464,388.99*,120
361,L40-8Q,7899,240,5,NA,
362,GeForce GTX 1650,7872,552,36211,195.00,75
363,Radeon Pro 5500 XT,7868,613,35,NA,
364,NVIDIA T1200 Laptop GPU,7837,492,1400,NA,95
365,Ryzen 5 4600HS with Radeon Graphics,7823,381,5,NA,
366,GeForce GTX 1060 with Max-Q Design,7810,395,2474,NA,80
-1,Ryzen 7 8845HS with Radeon 780M,7765,1035,1,NA,
367,Radeon Pro 580,7753,942,2,NA,
368,FirePro W9100,7747,795,39,"1,729.99*",275
369,Radeon RX 6400,7746,736,2123,231.16,53
370,A40-8Q,7716,317,3,NA,
371,GeForce RTX 2050,7713,479,4691,NA,45
372,Radeon RX 6500,7709,821,107,NA,
373,Radeon Pro WX 7100,7704,777,448,242.99*,130
374,nVidia L40S-4Q,7687,309,6,NA,
375,NVIDIA T1000 8GB,7684,889,940,NA,50
376,Radeon 880M,7666,973,646,NA,
377,Radeon RX 780,7657,1093,4,NA,
378,NVIDIA T1000,7656,867,873,450.00*,50
379,Radeon RX 580 2048SP,7619,702,6720,NA,150
380,Radeon RX 5300,7602,706,36,NA,100
-1,EPSON Projector Support Driver for UD,7578,1052,1,NA,
381,Qualcomm Adreno X2-90 GPU,7564,582,33,NA,
382,Radeon Pro 580X,7540,697,1,NA,150
383,GeForce GTX 1650 Ti,7535,370,5800,NA,55
384,GRID P40-8Q,7507,171,4,NA,
385,Radeon RX 580X,7426,654,25,NA,185
386,GeForce GTX 980M,7390,493,2859,289.99*,100
387,Radeon Pro W5500X,7350,729,2,NA,
388,Radeon PRO V710 MxGPU,7297,732,4,NA,
389,Radeon RX 6500M,7277,364,373,NA,50
390,Quadro T2000,7272,411,1880,528.35*,60
391,EIZO Quadro MED-XN71,7244,606,3,NA,
392,L4-8Q,7114,345,3,NA,
393,Radeon Pro 5300,7079,614,16,NA,
394,RadeonT 780M,7075,800,107,NA,
395,Quadro M5000M,7060,465,257,546.92*,100
396,NVIDIA T600 Laptop GPU,7059,484,640,NA,40
397,GRID P40-24Q,7056,308,8,NA,
398,Quadro P2000,7022,625,4480,439.60*,75
399,Quadro T2000 with Max-Q Design,7009,372,754,NA,
-1,Ryzen 7 4800HS with Radeon Graphics,6999,354,1,NA,
400,GeForce GTX 1650 (Mobile),6968,384,1754,NA,50
401,Tesla M60,6816,485,22,188.00*,
402,FirePro W8100,6812,740,59,704.00*,220
403,Radeon 780M,6800,887,11389,NA,
404,Ryzen 9 4900HS with Radeon Graphics,6790,375,13,NA,
405,L40S-16Q,6768,86,2,NA,
406,P106-100,6747,244,174,NA,
-1,extension Adapter,6726,1008,1,NA,
407,Radeon Ryzen 9 6900HS,6726,708,38,NA,
408,Radeon Pro 5500M,6714,642,289,NA,85
-1,L40S-2B,6710,584,1,NA,
409,GeForce GTX 970XM FORCE,6706,724,1,NA,
410,RadeonT 660M Ryzen 5 6600H,6699,637,3,NA,
-1,Radeon R9 285,6680,597,1,NA,
411,Quadro M4000,6676,667,2226,229.00*,120
412,A10-8Q,6647,385,13,NA,
413,GeForce GTX 1650 Ti with Max-Q Design,6639,335,749,NA,35
414,Quadro T1000 with Max-Q Design,6625,388,370,NA,
415,Intel Arc 140T GPU,6604,836,1918,NA,
416,Radeon RX 6450M,6601,502,2,NA,50
417,Intel Arc Pro 140T GPU,6599,839,307,NA,
418,L40S-6Q,6587,97,3,NA,
419,GRID P40-3Q,6569,628,3,NA,
420,Radeon RX Vega M GH,6555,755,414,NA,
421,RTX A500 Laptop GPU,6542,411,909,NA,
-1,GRID RTX6000-24Q,6521,75,1,NA,
422,Quadro T1000,6509,384,2030,480.00*,
423,GRID P40-2B4,6501,177,3,NA,
424,LuminonCore IDDCX Adapter,6479,343,2,NA,
425,AMD Ryzen Z1 Extreme,6427,802,849,NA,
426,NVIDIA T600,6370,762,604,265.00*,40
427,GeForce GTX 1050 Ti,6365,655,45746,208.99,75
428,GeForce GTX 1650 with Max-Q Design,6352,334,2347,NA,35
429,Quadro P3000,6347,414,340,NA,75
430,Radeon Pro 570,6336,697,2,NA,
431,Intel Arc A380,6311,636,691,139.99,75
432,Intel Arc A380E,6290,835,2,NA,
433,GeForce MX570 A,6284,395,274,NA,
434,Radeon Pro WX 7130,6271,433,16,NA,130
435,Ryzen 7 6800HS with Radeon Graphics,6240,749,6,NA,
436,GRID P4-4Q,6234,339,3,NA,
437,Tesla M6,6233,291,8,199.00*,
438,RTX A500 Embedded GPU,6197,361,10,NA,
439,Ryzen 9 PRO 6950H with Radeon Graphics,6176,849,7,NA,
440,Radeon Ryzen 7 6800HS,6158,753,25,NA,
441,GeForce GTX 960,6146,676,26612,199.97,120
442,Quadro K5200,6136,564,405,415.00*,150
443,Radeon R9 380X,6127,685,1204,349.99*,190
444,Intel Arc Pro 130T GPU,6126,793,12,NA,
445,Intel Arc 130T GPU,6124,789,304,NA,
446,Ryzen 9 6900HS with Radeon Graphics,6109,738,8,NA,
447,FirePro W9000,6098,727,18,845.00*,274
448,Quadro M4000M,6074,402,199,254.91*,100
449,Radeon R9 280X,6072,672,5510,NA,250
450,Radeon RX 5500M,6029,414,462,NA,85
451,RTX A400,5983,900,642,232.99,
452,GeForce GTX 770,5957,564,15315,249.00*,230
453,Radeon R9 380,5956,662,3973,89.99*,190
454,Radeon 610M Ryzen 9 7845HX,5947,585,11,NA,
455,Radeon Ryzen 7 6810U,5937,896,2,NA,
456,GRID P40-4Q,5926,398,11,NA,
457,GeForce GTX 1050 Ti (Mobile),5917,322,1541,NA,
458,CMP 30HX,5901,191,33,NA,
-1,Intel Arc Pro A30M,5862,695,1,NA,
-1,RadeonT 760M,5846,760,1,NA,
-1,A40-3Q,5842,96,1,NA,
459,Radeon Ryzen 7 7736U,5825,728,9,NA,
460,Intel Arc Pro,5819,683,238,NA,
461,Matrox LUMA A380P,5811,598,3,NA,
462,Radeon Pro 5300M,5803,561,136,NA,85
463,Ryzen 7 PRO 6850H with Radeon Graphics,5790,902,10,NA,
464,Intel Arc Pro A40/A50,5777,761,18,NA,
465,DisplayLink USB Device Ryzen 7 7735HS,5768,896,2,NA,
466,RadeonT 680M Ryzen 7 7735HS,5766,617,8,NA,
467,Ryzen 9 PRO 6950H,5758,949,9,NA,
468,Tesla K80,5753,488,22,159.96,
469,GeForce MX570,5735,379,45,NA,
470,GeForce GTX 970M,5724,372,3815,209.99*,75
471,Radeon E9550,5692,235,3,NA,
-1,RadeonT 680M,5680,617,1,NA,
472,Eng Sample: 100-000000560-40_Y,5655,770,2,NA,
473,Intel Arc 140T,5634,687,7,NA,
-1,Radeon Eng Sample: 100-000000544-40_Y,5629,841,1,NA,
474,Radeon Ryzen 9 PRO 6950H,5617,889,104,NA,
475,GeForce GTX 680,5605,530,7469,399.00*,195
476,Radeon PRO Ryzen 7 PRO 6850U,5601,757,87,NA,
-1,Barco MXRV-3100,5598,955,1,NA,
477,Ryzen 7 PRO 6850U,5580,741,25,NA,
478,Radeon TM,5566,696,404,NA,
479,Radeon HD 7990,5565,765,301,589.96,375
480,Radeon PRO W6300,5559,667,8,NA,25
481,Radeon R9 285 / 380,5549,654,1841,485.00*,190
482,Quadro M3000M,5541,398,524,159.95*,75
483,GRID P40-12Q,5540,162,4,NA,
484,GRID M60-8A,5523,380,1,NA,
485,Radeon R9 280,5522,669,3793,NA,250
486,Qualcomm Adreno X2-85 GPU,5516,599,5,NA,
487,Radeon Ryzen 7 PRO 6850H,5515,843,235,NA,
488,Radeon 680M Ryzen 9 6900HX,5493,857,3,NA,
489,Intel Arc,5483,675,6814,259.99,
490,GeForce GTX 760 Ti OEM,5474,570,15,NA,
491,Radeon Pro WX 5100,5472,781,413,359.99*,75
-1,L2,5466,87,1,NA,
492,GeForce GTX 690,5465,467,1244,280.99*,300
493,Ryzen 7 6800HS Creator Edition,5465,840,9,NA,
494,Ryzen 9 5900HS with Radeon Graphics,5453,546,54,NA,
495,Intel Arc A310,5440,620,62,139.99,75
496,Radeon RX 5300M,5396,389,31,NA,85
497,GeForce GTX 670,5374,539,9744,193.98*,170
498,Radeon RX 6300,5370,700,128,NA,
499,GeForce GTX 950,5352,651,8038,229.00,90
-1,DameWare Development Mirror Driver 64-bit Ryzen 7,5350,731,1,NA,
500,Quadro P2000 with Max-Q Design,5346,433,149,NA,
501,Radeon Ryzen 7 6800HS Creator Edition,5336,764,40,NA,
502,Radeon 760M,5321,890,2434,NA,
503,GeForce GTX 1050 Ti with Max-Q Design,5319,335,2086,NA,
504,GeForce GTX 760 Ti,5306,547,164,297.50*,170
-1,RTX5000-Ada-4Q,5298,89,1,NA,
505,Radeon Ryzen 7 7735H,5297,762,22,NA,
506,L40S-8Q,5287,155,6,NA,
507,GRID P4-8Q,5283,170,5,NA,
508,A16,5280,436,5,NA,
509,Ryzen 7 6800H,5259,813,11,NA,
510,Radeon HD 7970 / R9 280X,5247,729,10419,246.99*,250
511,Radeon RX 6300M,5243,359,8,NA,
512,Ryzen 7 6800HS,5237,867,3,NA,
513,Radeon HD 8990,5214,658,26,NA,375
514,GRID M60-2Q,5203,310,6,NA,
515,Ryzen 7 7735HS with Radeon Graphics,5175,768,52,NA,
-1,GRID RTX8000P-4Q,5174,86,1,NA,
516,Radeon Pro Vega 20,5168,566,42,NA,
517,Q12U-1,5164,599,1,NA,
518,Radeon R9 M295X,5150,832,28,"1,449.00*",125
519,Ryzen 7 Pro 7735U with Radeon Graphics,5142,628,2,NA,
520,Intel Arc 140V GPU,5137,656,4108,NA,
521,Ryzen 9 6900HX with Radeon Graphics,5124,784,1125,NA,
522,Ryzen 7 PRO 6850U with Radeon Graphics,5116,787,74,NA,
523,Intel Arc A370M,5115,723,2,NA,
524,GeForce GTX 1050 3GB,5114,606,180,NA,75
525,Radeon R9 M395X,5096,699,71,NA,125
526,Ryzen 7 7735U with Radeon Graphics,5081,697,14,NA,
527,Ryzen 7 PRO 6860Z,5076,837,2,NA,
528,FirePro S9000,5059,560,6,NA,
529,Radeon Ryzen 7 PRO 6850HS,5057,841,20,NA,
-1,EIZO MED-XN44,5049,820,1,NA,
530,GeForce GTX 1050,5048,457,25488,189.99,75
-1,RTX Pro 6000 Blackwell DC-24Q,5044,101,1,NA,
531,A40-12Q,5025,82,4,NA,
532,FirePro W7100,5024,654,223,389.30*,150
533,EIZO Quadro MED-XN51LP,5012,705,8,NA,
534,Ryzen 7 6800U,5006,783,17,NA,
535,Radeon Ryzen 7 PRO 6850U,5000,744,371,NA,
536,GeForce GTX 1630,4981,660,273,189.99*,75
537,Ryzen 7 6800H with Radeon Graphics,4959,757,35,NA,
538,Barco MXRT 7600,4943,441,1,602.59*,
-1,RTXA5000-8Q,4915,116,1,NA,
539,FirePro S9050,4901,368,2,NA,
540,Radeon R9 M395,4896,696,54,NA,125
-1,Intel Arc 130V GPU RI,4881,735,1,NA,
541,Intel Arc A310 LP,4877,595,226,NA,45
542,Radeon R9 270X,4870,614,11005,326.50*,180
543,Ryzen 7 PRO 6860Z with Radeon Graphics,4869,792,16,NA,
544,Radeon 860M,4867,915,1834,NA,
545,Radeon Ryzen 7 6800H,4861,724,755,NA,
-1,L40-3Q,4857,105,1,NA,
-1,DisplayLink USB Device Ryzen 9 6900HX,4856,510,1,NA,
546,Intel Arc 140V GPU RI,4848,597,15,NA,
547,GeForce GTX 760,4825,538,18821,149.00*,170
548,Radeon Ryzen 7 7735HS,4815,759,1390,NA,
549,Radeon Pro Vega 16,4809,585,2,NA,
-1,RTXA5000-24Q,4802,77,1,NA,
550,GRID RTX6000P-6Q,4777,192,4,NA,
551,A16-8Q,4768,88,6,NA,
-1,L4-24Q,4767,98,1,NA,
552,Radeon HD 7950 / R9 280,4764,690,7473,"1,603.91*",200
553,Ryzen 7 6800U with Radeon Graphics,4760,738,39,NA,
554,GRID T4-8Q,4753,177,13,NA,
555,FirePro S7000,4732,821,11,246.54*,150
556,L4-4Q,4731,96,17,NA,
557,T550 Laptop GPU,4729,398,516,NA,
558,Radeon Ryzen Z2 Go,4724,672,14,NA,
559,Radeon Sky 500,4722,633,12,NA,
560,Radeon R9 370,4722,780,3,159.99*,150
-1,L40-6Q,4718,93,1,NA,
561,Tesla K20Xm,4714,208,4,"7,699.00*",235
562,Ryzen 9 PRO 6950HS with Radeon Graphics,4704,861,4,NA,
563,L40-16Q,4682,81,1,NA,
-1,RTXA5000-12Q,4681,110,1,NA,
-1,GRID V100D-2Q,4667,79,1,NA,
564,GeForce GTX 580,4630,489,4740,488.59*,244
565,GRID P100-16Q,4625,396,2,NA,
566,Radeon Pro WX Vega M GL,4617,320,12,NA,65
567,Radeon Ryzen 9 6900HS Creator Edition,4594,635,3,NA,
568,Radeon HD 7870,4559,586,7904,176.00*,175
569,Radeon Ryzen 7 7735U,4558,722,469,NA,
570,B8DKMDAP,4557,533,1,NA,
571,Radeon Pro 465,4537,562,1,NA,
572,FirePro S10000,4537,494,8,NA,
573,Radeon Ryzen 7 PRO 6860Z,4536,693,23,NA,
-1,GRID RTX6000-8Q,4514,102,1,NA,
574,Quadro P1000,4510,581,3740,289.99*,47
575,Intel Arc 130V GPU,4497,619,1181,NA,
576,Tesla K40c,4494,324,3,NA,
577,GRID T4-16Q,4490,74,4,NA,
578,Radeon R7 370,4482,617,4144,NA,150
579,Radeon 680M Ryzen 7 7735HS,4480,730,156,NA,
580,Radeon HD 7870 XT,4469,661,1221,NA,185
581,Radeon Ryzen 9 PRO 6950HS,4463,815,19,NA,
582,GeForce GTX 1050 (Mobile),4462,291,2441,NA,
583,DisplayLink USB Device Ryzen 7 6800H,4444,471,2,NA,
584,Tesla K20m,4432,210,4,NA,
585,GRID P6-4Q,4429,585,3,NA,
-1,A2-4Q,4422,66,1,NA,
586,Radeon Ryzen 7 170,4422,635,22,NA,
587,GeForce MX550,4415,385,843,NA,
588,GeForce GTX 660 Ti,4415,472,8266,144.00*,150
589,NVIDIA A40-4Q,4406,86,5,NA,
590,FirePro W7000 Adapter,4382,602,43,NA,
-1,DisplayLink USB Device Ryzen 7 PRO 6850U,4381,634,1,NA,
-1,L40S-3Q,4365,91,1,NA,
591,Radeon Eng Sample: 100-000000536-40_Y,4347,853,5,NA,
592,GRID GTX P40-6,4340,277,2,NA,
593,PCI\VEN_1002&DEV_164E&SUBSYS_D0001458&REV_C7 Ryzen,4338,620,5,NA,
594,NVIDIA A40-12Q,4335,80,9,NA,
595,L4-2Q,4334,85,6,NA,
596,Quadro K4200,4326,503,1366,249.00*,105
597,FirePro W7000,4313,588,293,278.05*,150
598,Radeon R9 270,4306,566,11,NA,
-1,GRID RTX6000P-4Q,4283,75,1,NA,
-1,GRID V100DX-8Q,4275,79,1,NA,
599,Quadro M2200,4264,372,1030,249.99*,55
600,Radeon R9 270 / R7 370,4259,645,4752,225.00,150
601,NVIDIA A40-8Q,4251,73,7,NA,
-1,RTXA6000-8Q,4236,86,1,NA,
602,Radeon Ryzen 7 6800U,4229,523,364,NA,
603,Eng Sample: 100-000000561-40_Y,4206,749,2,NA,
-1,GRID RTX8000P-12A,4165,77,1,NA,
604,GRID V100D-8Q,4155,518,1,NA,
605,L4-6Q,4148,76,5,NA,
606,Radeon PRO Ryzen 5 PRO 6650U,4140,792,7,NA,
-1,Winsta0\\Default,4124,249,1,NA,
607,Radeon RX 460,4097,582,3965,166.81*,75
608,FirePro W8000,4091,517,48,573.00*,189
609,Ryzen 7 PRO 6850HS with Radeon Graphics,4087,775,6,NA,
610,GeForce GTX 480,4078,430,1870,169.99*,250
611,RadeonT 660M Ryzen 5 7535HS,4051,700,3,NA,
612,Quadro M2000,4049,569,1265,264.24*,75
613,GeForce GTX 660,4049,492,16591,295.00,140
614,Radeon HD 7800-serie,4029,708,1,NA,
615,GeForce GTX 775M,4006,539,55,NA,
616,Quadro K5000,4004,457,688,249.00*,122
617,Radeon 680M,3996,643,9,NA,
618,Radeon Eng Sample: 100-000000263-50_Y,3975,923,4,NA,
-1,GRID RTX8000-4Q,3960,80,1,NA,
619,GeForce GTX 570,3946,476,5451,149.99*,219
-1,MacroSilicon USB Display Ryzen 7 6800U,3939,474,1,NA,
620,Radeon RX Vega M GL,3937,447,333,NA,
621,Radeon Ryzen 5 PRO 6650H,3934,774,41,NA,
622,A16-2Q,3926,81,4,NA,
623,GRID P6-2Q,3925,336,3,NA,
624,GeForce GTX 780M,3906,422,889,499.00*,122
625,GeForce GTX 1050 with Max-Q Design,3903,276,394,NA,
626,Radeon HD 7850,3902,577,11543,174.99,130
627,GeForce GTX 750 Ti,3899,533,24240,105.99,60
628,Radeon R9 M390X,3895,464,29,NA,100
629,Radeon Ryzen 7 Pro 7735U,3894,618,149,NA,
630,GRID M60-8Q,3883,617,13,NA,
631,Radeon HD 8970M,3876,806,51,139.99*,100
632,GeForce GTX 965M,3874,347,1088,NA,60
633,Matrox LUMA A310F,3873,492,4,NA,
634,A16-16Q,3872,77,2,NA,
-1,nVidia L40S-48Q,3868,78,1,NA,
635,A16-4Q,3854,84,17,NA,
636,GeForce GTX 880M,3844,335,672,NA,130
-1,GRID RTX8000P-2Q,3843,84,1,NA,
-1,EIZO MED-XN43,3842,766,1,NA,
637,GRID P40-1Q,3839,460,5,NA,
638,GRID M60-4Q,3831,277,6,NA,
-1,GRID V100-2Q,3810,78,1,NA,
639,T400 4GB,3807,665,814,NA,
640,Radeon R9 M485X,3800,388,4,NA,
641,GeForce GTX 680MX,3799,457,45,NA,122
642,GRID T4-2Q,3798,70,9,NA,
643,Radeon Ryzen 5 6600HS Creator Edition,3792,744,89,NA,
644,Radeon Instinct MI25 MxGPU,3791,264,10,NA,
645,FirePro S7150,3770,414,7,"1,697.99*",
646,Barco MXRT 7500,3753,730,5,299.00*,
647,GRID T4-4Q,3751,80,43,NA,
648,Radeon 840M,3750,867,655,NA,
649,Ryzen 5 Pro 7535U with Radeon Graphics,3750,687,21,NA,
-1,Ryzen 5 PRO 6650H with Radeon Graphics,3726,844,1,NA,
650,GeForce MX450,3715,305,1855,NA,
651,Quadro P620,3713,529,2642,574.55*,40
652,A40-4Q,3712,78,7,NA,
653,P102-100,3702,133,9,NA,
654,GRID M60-1Q,3694,180,14,NA,
655,FirePro W7170M,3693,367,29,NA,
656,Radeon Pro WX 4100,3693,637,269,499.99*,50
657,Ryzen 5 6600HS Creator Edition,3690,705,7,NA,
658,Matrox LUMA A310,3690,505,2,NA,
659,GRID P40-1B,3690,89,2,NA,
660,Radeon RX 560,3684,486,5163,243.93*,80
-1,Ryzen 5 7535HS with Radeon Graphics,3680,731,1,NA,
661,Radeon Pro 560X,3677,710,2,NA,
662,P104-100,3668,122,28,299.99*,
-1,L40S-12A,3659,79,1,NA,
663,Radeon HD 7970M,3639,451,330,NA,75
664,T400,3617,582,272,225.00*,
665,NVIDIA T500,3615,300,1011,NA,18
666,Ryzen 5 6600H with Radeon Graphics,3579,641,15,NA,
667,Quadro K2200,3579,545,2816,268.30*,68
-1,GRID RTX8000-2Q,3574,86,1,NA,
668,GeForce GTX 680M KY_Bullet Edition,3568,580,1,NA,
669,GRID M6-8Q,3568,556,1,NA,
670,VMware Horizon Indirect Display Driver,3565,375,5,NA,
671,GeForce GTX 870M,3557,279,730,NA,110
-1,L4-12Q,3543,87,1,NA,
672,Quadro K2200M,3533,359,63,124.95*,65
673,Ryzen 5 PRO 6650U with Radeon Graphics,3533,714,22,NA,
-1,Radeon 680M Ryzen 7 Pro 7735U,3530,819,1,NA,
674,Radeon Ryzen 5 6600H,3524,735,682,NA,
675,Ryzen 5 PRO 6650U,3519,766,11,NA,
676,GRID K520,3516,160,20,134.99,
677,Quadro 7000,3505,397,2,NA,204
678,Radeon Pro 560,3475,723,4,NA,
679,Radeon Pro W5500M,3469,482,4,NA,85
680,GeForce GTX 960A,3464,311,32,NA,
681,Radeon Ryzen 5 PRO 6650U,3460,674,205,NA,
682,Radeon Pro 460,3452,678,3,NA,